ID,"Added on","Lead Name","Sales Rep Name","Is Closed"
1,2023-05-12,"Ulices Auer","Garry Smith",0
2,2024-01-26,"Dr. Nicolas Jacobi I","Garry Smith",0
3,2023-10-10,"Dr. Freddie Kuphal","Garry Smith",1
4,2023-04-06,"Kristin Emmerich","Garry Smith",1
5,2023-05-23,"Liliane Dicki DDS","Garry Smith",1
6,2023-05-14,"Dr. Sallie Rohan","Garry Smith",1
7,2023-10-11,"Pablo Rowe","Garry Smith",1
8,2023-07-24,"Sophie Feil","Garry Smith",1
9,2023-10-07,"Prof. Rita Windler","Garry Smith",0
10,2023-11-10,"Prof. Vanessa Feil PhD","Garry Smith",0
11,2023-04-22,"Alda Berge","Garry Smith",1
12,2023-08-06,"Delfina Gulgowski","Garry Smith",1
13,2023-10-28,"Chesley Leuschke","Garry Smith",0
14,2023-12-06,"Judd Daniel","Garry Smith",0
15,2023-09-30,"Prof. Curtis Windler","Garry Smith",0
16,2023-11-06,"Webster Funk","Garry Smith",1
17,2023-03-13,"Glen Huels MD","Garry Smith",1
18,2024-01-15,"Prof. Chandler Roob III","Garry Smith",0
19,2023-12-25,"Armando Dietrich IV","Garry Smith",1
20,2023-07-21,"Ms. Vergie McDermott II","Garry Smith",1
21,2023-04-22,"Deon Moen","Garry Smith",0
22,2023-04-13,"Malvina Stanton","Garry Smith",0
23,2023-04-15,"Amira Durgan","Garry Smith",1
24,2023-04-11,"Dr. Kale Medhurst","Garry Smith",1
25,2023-09-18,"Elmira Goodwin","Garry Smith",1
26,2023-07-19,"Connie Cole","Garry Smith",0
27,2023-02-28,"Marlee Pacocha","Garry Smith",1
28,2023-12-12,"Neva Runte","Garry Smith",0
29,2023-05-09,"Gunner Cormier","Garry Smith",0
30,2023-11-11,"Miss Violette Hegmann DDS","Garry Smith",0
31,2023-08-27,"Hannah Bartell DDS","Garry Smith",0
32,2023-10-16,"Wilma Hettinger III","Garry Smith",0
33,2023-07-14,"Dr. Pat Sanford","Garry Smith",1
34,2023-08-31,"Jefferey Rau","Garry Smith",1
35,2023-09-02,"Dr. Kaleigh Eichmann II","Garry Smith",0
36,2023-02-27,"Cooper Mills I","Garry Smith",1
37,2023-04-19,"Rod Schinner MD","Garry Smith",1
38,2023-11-01,"Kayley Medhurst","Garry Smith",0
39,2023-10-28,"Joana Walter","Garry Smith",0
40,2023-02-16,"Sonya Auer","Garry Smith",0
41,2023-09-14,"Michale Howe","Garry Smith",1
42,2023-10-19,"Zackary Barrows","Garry Smith",1
43,2023-07-27,"Cody Jacobson","Garry Smith",1
44,2023-10-24,"Tatum Hirthe","Garry Smith",1
45,2023-06-20,"Dr. Arely Funk","Garry Smith",1
46,2024-01-07,"Prof. Taryn Lakin","Garry Smith",0
47,2023-10-11,"Nicholas Labadie","Garry Smith",1
48,2023-08-20,"Miss Telly Funk Jr.","Garry Smith",0
49,2023-11-02,"Arielle Metz","Garry Smith",1
50,2023-03-30,"Dr. Calista Kiehn","Garry Smith",1
51,2023-03-26,"Dr. Aron Runte","Garry Smith",1
52,2023-07-13,"Dr. Immanuel Greenholt","Garry Smith",0
53,2023-03-15,"Megane Mohr III","Garry Smith",0
54,2023-04-04,"Abdiel Bogan DVM","Garry Smith",1
55,2023-12-10,"Eldridge Ziemann","Garry Smith",0
56,2023-10-15,"Brooks Haley","Garry Smith",1
57,2023-12-10,"Declan Bradtke I","Garry Smith",1
58,2023-10-21,"Edward Reilly III","Garry Smith",0
59,2023-03-31,"Dr. Nick Williamson Sr.","Garry Smith",1
60,2023-07-09,"Lois Kilback","Garry Smith",1
61,2023-10-31,"Greg Gottlieb IV","Garry Smith",1
62,2023-08-16,"Shany Graham","Garry Smith",1
63,2023-07-04,"Dr. Dianna Berge IV","Garry Smith",1
64,2023-10-06,"Domenica Reilly","Garry Smith",0
65,2023-03-18,"Wilma Schmitt","Garry Smith",1
66,2023-07-02,"Ms. Darlene Hudson DDS","Garry Smith",0
67,2023-09-23,"Carter Breitenberg","Garry Smith",0
68,2023-11-02,"Marlin Cole","Garry Smith",1
69,2024-01-04,"Floyd Witting","Garry Smith",0
70,2023-08-21,"Mr. Alexis Kohler Sr.","Garry Smith",0
71,2023-02-02,"Prof. Aileen Schinner IV","Garry Smith",0
72,2023-03-24,"Prof. Brando Doyle MD","Garry Smith",0
73,2023-02-22,"Sigmund Cole","Garry Smith",1
74,2024-01-03,"Dr. Evalyn Miller","Garry Smith",1
75,2024-01-20,"Tania Nolan","Garry Smith",1
76,2023-07-24,"Beau Simonis","Garry Smith",1
77,2023-12-17,"Prof. Kenton West","Garry Smith",1
78,2024-01-14,"Elinore Runte","Garry Smith",1
79,2023-12-05,"Leanna Tillman","Garry Smith",0
80,2023-04-07,"Prof. Dedrick Herzog V","Garry Smith",0
81,2023-12-26,"Ansel Bruen","Garry Smith",0
82,2023-06-10,"Prof. Heath Boyle Sr.","Garry Smith",1
83,2023-11-15,"Bernita Turner","Garry Smith",1
84,2023-05-24,"Dr. Graham Gislason","Garry Smith",1
85,2023-05-24,"Edmond Gaylord Sr.","Garry Smith",1
86,2023-07-07,"Else Deckow","Garry Smith",1
87,2023-11-15,"Bella Kuvalis","Garry Smith",0
88,2023-02-05,"Ms. Gisselle Lowe","Garry Smith",0
89,2023-06-15,"Amelia Armstrong","Garry Smith",0
90,2023-02-27,"Chesley Luettgen","Garry Smith",1
91,2024-01-11,"Dr. Dashawn Miller","Garry Smith",0
92,2023-12-18,"Modesta Bauch","Garry Smith",0
93,2023-08-19,"Vincenza Corkery","Garry Smith",0
94,2023-06-18,"Maritza Stracke","Garry Smith",0
95,2023-10-15,"Reina Abernathy","Garry Smith",1
96,2023-03-10,"Randi Rath","Garry Smith",1
97,2023-07-04,"Ottis Glover","Garry Smith",1
98,2023-08-22,"Samantha Green III","Garry Smith",1
99,2023-07-08,"Gerhard Pacocha","Garry Smith",1
100,2023-09-09,"Kiera Shanahan","Garry Smith",1
101,2023-03-18,"Bartholome Turner","Peter Parker",1
102,2023-09-22,"Prof. Werner Reilly","Peter Parker",1
103,2023-08-01,"Makenna Murazik","Peter Parker",0
104,2023-02-18,"Estel Abbott","Peter Parker",1
105,2023-07-15,"Jared Satterfield","Peter Parker",0
106,2023-06-21,"Dr. Tyrese Legros I","Peter Parker",0
107,2023-03-26,"Miss Alexanne Greenholt","Peter Parker",1
108,2023-11-28,"Floy Rau","Peter Parker",1
109,2023-02-07,"Ms. Alivia Huel Jr.","Peter Parker",0
110,2023-04-27,"Roxane Graham","Peter Parker",0
111,2023-05-24,"Mr. Deshawn Roberts PhD","Peter Parker",0
112,2023-02-05,"Mr. Porter Torp II","Peter Parker",0
113,2023-02-10,"Percival Klocko","Peter Parker",1
114,2023-12-01,"Mr. Demarco Jerde","Peter Parker",1
115,2023-02-15,"Valerie Lubowitz","Peter Parker",0
116,2023-07-24,"Elenor Prohaska","Peter Parker",0
117,2023-12-30,"Betty Torp","Peter Parker",0
118,2023-11-26,"Franz Sanford","Peter Parker",0
119,2023-09-14,"Dr. Magnolia Collier II","Peter Parker",0
120,2023-11-28,"April Koelpin","Peter Parker",0
121,2024-01-10,"Aurelie Brakus","Peter Parker",0
122,2023-07-21,"Alena Luettgen","Peter Parker",0
123,2023-03-25,"Eden Rohan","Peter Parker",1
124,2023-11-02,"Rylan Pacocha","Peter Parker",1
125,2023-04-29,"Mr. Anthony Wuckert DVM","Peter Parker",1
126,2023-12-20,"Johan O'Reilly","Peter Parker",1
127,2023-05-24,"Dr. Sammy Upton PhD","Peter Parker",0
128,2023-12-31,"Edmund Koss DDS","Peter Parker",0
129,2023-04-28,"Corene Mitchell","Peter Parker",0
130,2023-08-25,"Watson Ebert PhD","Peter Parker",0
131,2023-06-01,"Dr. Krystel Keeling MD","Peter Parker",0
132,2023-10-07,"Markus Macejkovic","Peter Parker",1
133,2023-02-19,"Prof. Shyanne Balistreri","Peter Parker",0
134,2023-06-03,"Giovanny Hartmann","Peter Parker",1
135,2023-10-18,"Jeff Spencer","Peter Parker",0
136,2023-08-21,"Armando Botsford","Peter Parker",1
137,2023-03-29,"Zoey Torphy IV","Peter Parker",1
138,2023-02-19,"Ernestina Rogahn","Peter Parker",0
139,2023-06-23,"Lucius Crooks","Peter Parker",0
140,2023-03-29,"Annabell Larson","Peter Parker",1
141,2023-07-19,"Kelli Ernser","Peter Parker",0
142,2023-04-10,"Roxanne Ruecker","Peter Parker",1
143,2023-04-02,"Kenyatta O'Keefe","Peter Parker",1
144,2023-03-08,"Ms. Chelsea Johnston","Peter Parker",1
145,2023-08-31,"Bertrand Rau","Peter Parker",1
146,2023-02-14,"Beatrice Ullrich Sr.","Peter Parker",0
147,2023-03-03,"Demond Gleichner","Peter Parker",1
148,2023-03-16,"Isom Nitzsche Jr.","Peter Parker",1
149,2023-06-07,"Bobbie Ullrich IV","Peter Parker",0
150,2023-04-06,"Delores Keebler","Peter Parker",0
151,2023-09-25,"Prof. Bria Collier","Peter Parker",0
152,2023-06-11,"Emilie Konopelski","Peter Parker",0
153,2023-05-06,"Zander Heathcote","Peter Parker",0
154,2023-08-02,"Kasandra Hand","Peter Parker",0
155,2024-01-02,"Ms. Stephanie Raynor","Peter Parker",0
156,2023-06-21,"Mr. Cornell Thompson I","Peter Parker",1
157,2023-07-02,"Bette Tremblay","Peter Parker",0
158,2023-02-15,"Dianna Streich","Peter Parker",0
159,2023-10-29,"Dr. Alexzander Frami Jr.","Peter Parker",0
160,2023-03-30,"Brigitte Gibson","Peter Parker",0
161,2023-08-13,"Bria Considine","Peter Parker",0
162,2023-10-05,"Marilie Hayes","Peter Parker",1
163,2023-04-02,"Laurine Moore","Peter Parker",0
164,2023-07-01,"Prof. Sterling Hilpert Jr.","Peter Parker",0
165,2023-04-23,"Sanford Ortiz","Peter Parker",0
166,2023-08-14,"Timmy Mueller","Peter Parker",1
167,2023-02-09,"Kasey Beier","Peter Parker",0
168,2023-12-05,"Dr. Jamil Ullrich","Peter Parker",1
169,2023-03-02,"Dortha Little DVM","Peter Parker",1
170,2023-09-03,"Mrs. Elinore Howell","Peter Parker",0
171,2023-05-04,"Mr. Gus Waelchi Sr.","Peter Parker",1
172,2023-06-07,"Rogelio Doyle PhD","Peter Parker",1
173,2023-08-28,"Dr. Murphy Hayes V","Peter Parker",1
174,2023-06-12,"Harmon Wintheiser","Peter Parker",1
175,2023-08-07,"Mr. Dino Wolf II","Peter Parker",0
176,2023-12-26,"Scotty Blanda","Peter Parker",1
177,2023-08-11,"Vernice Raynor","Peter Parker",0
178,2023-11-14,"Gladys Kemmer","Peter Parker",0
179,2023-03-01,"Preston Grady","Peter Parker",1
180,2023-09-12,"Muhammad Cummings","Peter Parker",0
181,2023-08-03,"Jaiden Gleason","Peter Parker",1
182,2023-11-20,"Sonny Abernathy PhD","Peter Parker",1
183,2023-07-05,"Damaris Lockman V","Peter Parker",1
184,2023-12-27,"Dr. Genesis Quitzon V","Peter Parker",0
185,2023-07-29,"Ms. Trycia Baumbach DDS","Peter Parker",0
186,2023-12-30,"Anita Zieme","Peter Parker",0
187,2023-07-29,"Reilly Schuppe","Peter Parker",0
188,2023-12-20,"Bradley Kerluke DDS","Peter Parker",1
189,2023-09-09,"Lurline Goyette","Peter Parker",0
190,2023-04-12,"Isaias Lebsack","Peter Parker",1
191,2023-12-04,"Jaylon Mante","Peter Parker",1
192,2023-12-08,"Prof. Mozelle Nitzsche Sr.","Peter Parker",1
193,2023-07-15,"Mr. Devyn O'Conner","Peter Parker",0
194,2023-05-15,"Emilie Ritchie Sr.","Peter Parker",1
195,2023-06-20,"Prof. Beulah Homenick","Peter Parker",0
196,2023-06-10,"Emmanuel Stokes","Peter Parker",0
197,2023-04-05,"Payton Brown","Peter Parker",0
198,2023-10-19,"Danielle Weissnat Jr.","Peter Parker",0
199,2023-02-19,"Dr. Emanuel Stanton","Peter Parker",1
200,2023-02-28,"Nyasia Hills Sr.","Peter Parker",1
201,2023-07-15,"Jamie Brekke","Tony Stark",1
202,2023-12-30,"Miss Danielle Kuvalis V","Tony Stark",1
203,2023-05-01,"Chandler Miller V","Tony Stark",0
204,2023-09-03,"Dr. Melyna Schaden II","Tony Stark",1
205,2023-08-19,"Margaretta Kuvalis","Tony Stark",1
206,2023-12-09,"Reilly Walsh","Tony Stark",1
207,2023-12-16,"Aletha Rippin","Tony Stark",0
208,2023-05-11,"Casandra Kiehn","Tony Stark",1
209,2023-12-14,"Garett Smitham","Tony Stark",0
210,2023-09-27,"Abraham Botsford","Tony Stark",0
211,2023-02-28,"Johnson Larkin DVM","Tony Stark",1
212,2023-07-14,"Ms. Dawn Senger","Tony Stark",0
213,2023-05-21,"Damaris Hirthe","Tony Stark",1
214,2023-07-22,"Taya Trantow III","Tony Stark",0
215,2023-06-18,"Dr. Alana Hoeger","Tony Stark",1
216,2023-09-21,"Georgiana McDermott","Tony Stark",1
217,2024-01-11,"Mr. Felix Bergstrom Sr.","Tony Stark",1
218,2023-12-20,"Miss Loyce Spencer MD","Tony Stark",0
219,2023-06-08,"Dr. Jaylan Klocko Sr.","Tony Stark",1
220,2023-05-29,"Brandyn Lowe","Tony Stark",0
221,2023-07-03,"Dr. Mckenzie Lesch","Tony Stark",1
222,2023-02-20,"Prof. Roselyn Ernser","Tony Stark",0
223,2023-12-26,"Ms. Nellie Turcotte","Tony Stark",1
224,2023-06-21,"Prof. Dahlia Greenholt MD","Tony Stark",1
225,2023-03-11,"Jade Gislason","Tony Stark",1
226,2023-03-21,"Edwin Rau MD","Tony Stark",0
227,2023-07-21,"Leora Halvorson","Tony Stark",1
228,2023-05-09,"Clara Koepp V","Tony Stark",0
229,2023-03-28,"Keeley Koelpin","Tony Stark",1
230,2024-01-08,"Dr. Aisha Collins DDS","Tony Stark",1
231,2023-05-01,"Mrs. Edna Dickinson","Tony Stark",0
232,2023-05-20,"Roberto Effertz","Tony Stark",0
233,2023-09-14,"Toby Sawayn","Tony Stark",0
234,2023-12-19,"Shemar Labadie I","Tony Stark",0
235,2024-01-24,"Reanna Howell","Tony Stark",1
236,2023-06-05,"Ezequiel Pollich","Tony Stark",0
237,2023-09-26,"Candido Hermiston","Tony Stark",1
238,2023-02-21,"Mr. Stone Jakubowski Sr.","Tony Stark",0
239,2023-07-26,"Dr. Rashawn Labadie","Tony Stark",0
240,2023-03-04,"Opal Rau Jr.","Tony Stark",1
241,2023-11-09,"Cristina Bednar","Tony Stark",1
242,2023-12-24,"Elinore Nienow","Tony Stark",0
243,2023-02-06,"Dannie Fay I","Tony Stark",0
244,2023-08-23,"Wallace Daugherty","Tony Stark",0
245,2023-07-08,"Randi Renner","Tony Stark",1
246,2023-08-16,"Luna Kassulke","Tony Stark",1
247,2023-02-14,"Beth Murray","Tony Stark",1
248,2023-07-07,"Lance Bechtelar","Tony Stark",1
249,2023-11-25,"Prof. Santino Bogisich Jr.","Tony Stark",0
250,2023-10-19,"Asia Boehm","Tony Stark",1
251,2023-08-30,"Carlee Kutch DDS","Tony Stark",0
252,2023-03-13,"Elyse Eichmann","Tony Stark",0
253,2023-05-22,"Ms. Vickie O'Keefe","Tony Stark",1
254,2023-05-30,"Dr. Sydney O'Hara Sr.","Tony Stark",1
255,2023-06-20,"Emma Ritchie","Tony Stark",1
256,2023-02-25,"Deon Price","Tony Stark",1
257,2024-01-15,"Mr. Raheem Klocko IV","Tony Stark",1
258,2023-12-01,"Prof. Russell Barton Jr.","Tony Stark",1
259,2023-08-21,"Albina Murray III","Tony Stark",0
260,2023-05-20,"Raoul Brekke","Tony Stark",1
261,2023-05-02,"Prof. Tia Boyle I","Tony Stark",0
262,2023-03-16,"Joseph Robel","Tony Stark",0
263,2023-11-19,"Caleigh Hyatt","Tony Stark",1
264,2023-02-05,"Justine McLaughlin MD","Tony Stark",1
265,2023-04-06,"Noemy Rempel","Tony Stark",0
266,2023-11-13,"Joanne Larson","Tony Stark",0
267,2024-01-21,"Delia Runolfsdottir","Tony Stark",0
268,2023-07-15,"Lela Fritsch","Tony Stark",1
269,2023-08-27,"Raquel Connelly","Tony Stark",0
270,2023-09-26,"Davion Gibson PhD","Tony Stark",1
271,2023-02-09,"Joannie Ebert","Tony Stark",0
272,2023-05-21,"Mr. Eladio Legros","Tony Stark",1
273,2023-02-03,"Maynard Haley","Tony Stark",0
274,2023-02-28,"Miss Winona Wisoky V","Tony Stark",1
275,2023-02-01,"Chaz Fadel","Tony Stark",1
276,2023-10-14,"Aurelia Abshire","Tony Stark",0
277,2023-03-21,"Prof. Lewis Zulauf DVM","Tony Stark",1
278,2023-10-13,"Prof. Julien Klocko","Tony Stark",0
279,2023-09-14,"Francesco Bayer","Tony Stark",1
280,2023-07-03,"Jovani White","Tony Stark",0
281,2023-08-30,"Darius Reinger Jr.","Tony Stark",1
282,2023-02-10,"Prof. Jon Keeling MD","Tony Stark",0
283,2023-10-23,"Caroline Corkery","Tony Stark",0
284,2023-04-28,"Ms. Laurence Reynolds","Tony Stark",1
285,2023-09-07,"Prof. Brittany Thiel DDS","Tony Stark",1
286,2023-11-26,"Felicita Steuber","Tony Stark",1
287,2023-05-03,"Ashly Treutel","Tony Stark",1
288,2024-01-14,"Mr. Barrett Kassulke V","Tony Stark",0
289,2023-09-29,"Jamison Jenkins","Tony Stark",0
290,2023-08-31,"Violet Denesik Sr.","Tony Stark",0
291,2023-03-02,"Prof. Serena Grimes Sr.","Tony Stark",0
292,2023-09-05,"Christop Stiedemann","Tony Stark",0
293,2023-07-16,"Verona Schiller","Tony Stark",1
294,2023-10-12,"German Herzog","Tony Stark",0
295,2023-10-22,"Ottis Quitzon PhD","Tony Stark",0
296,2023-02-08,"Buddy Ondricka","Tony Stark",0
297,2023-05-05,"Keira Jakubowski","Tony Stark",0
298,2023-05-17,"Mrs. Ocie Schmeler PhD","Tony Stark",1
299,2023-03-16,"Mr. Mohammad Trantow III","Tony Stark",0
300,2024-01-27,"Mr. Antonio Leannon","Tony Stark",1
301,2023-12-08,"Triston Grimes","Steve Rogers",1
302,2023-11-15,"Prof. Trystan Terry IV","Steve Rogers",1
303,2023-05-10,"Ayla Nicolas","Steve Rogers",0
304,2023-11-12,"Shanon Kiehn PhD","Steve Rogers",1
305,2023-07-28,"Spencer Ortiz","Steve Rogers",0
306,2023-04-13,"Ethel Franecki PhD","Steve Rogers",0
307,2023-12-24,"Darian Johns","Steve Rogers",1
308,2023-10-05,"Ocie Botsford","Steve Rogers",1
309,2023-12-25,"Miss Freeda Koepp I","Steve Rogers",1
310,2023-03-07,"Miss Lily Sawayn DVM","Steve Rogers",0
311,2023-12-12,"Brionna Walsh","Steve Rogers",1
312,2023-03-27,"Cecil Herman V","Steve Rogers",1
313,2023-07-26,"Osvaldo Mante","Steve Rogers",0
314,2023-02-17,"Sarah Fritsch","Steve Rogers",1
315,2023-10-14,"Duncan Treutel I","Steve Rogers",1
316,2023-03-11,"Anabelle Bradtke","Steve Rogers",0
317,2023-06-24,"Allison Jaskolski","Steve Rogers",1
318,2024-01-22,"Ralph Powlowski MD","Steve Rogers",1
319,2023-04-28,"Dallas Schmidt","Steve Rogers",1
320,2023-05-28,"Travis Abernathy","Steve Rogers",0
321,2023-05-03,"Prof. Chance Boehm","Steve Rogers",0
322,2023-10-17,"Henry McCullough","Steve Rogers",1
323,2023-03-21,"Jules Mayert","Steve Rogers",0
324,2023-12-03,"Isabel Pagac DVM","Steve Rogers",1
325,2023-12-25,"Krystina Ernser","Steve Rogers",0
326,2023-10-06,"Mrs. Kenna Gaylord","Steve Rogers",1
327,2023-09-03,"Maryse Mante Jr.","Steve Rogers",1
328,2024-01-11,"Maynard Cummings Sr.","Steve Rogers",1
329,2023-10-26,"Anika Quitzon","Steve Rogers",0
330,2024-01-26,"Ms. Lia Greenholt IV","Steve Rogers",1
331,2023-10-18,"Breana Cummings Sr.","Steve Rogers",1
332,2023-06-23,"Keenan Quigley III","Steve Rogers",0
333,2023-04-08,"Davon Sipes","Steve Rogers",1
334,2023-04-03,"Bryon Davis","Steve Rogers",1
335,2023-05-11,"Prof. Davion Tillman Jr.","Steve Rogers",1
336,2023-12-01,"Miss Daphne Bashirian II","Steve Rogers",0
337,2023-02-17,"Dr. Orville Jacobson III","Steve Rogers",1
338,2023-02-02,"Leonie Thiel","Steve Rogers",1
339,2023-04-22,"Lois Jacobson","Steve Rogers",0
340,2023-04-06,"Ms. Minnie Spinka I","Steve Rogers",1
341,2023-08-23,"Ms. Gail Cruickshank II","Steve Rogers",1
342,2023-09-09,"Ms. Odie Gutmann","Steve Rogers",0
343,2024-01-17,"Dr. Nikita Corkery Jr.","Steve Rogers",0
344,2023-08-20,"Eloisa Hegmann","Steve Rogers",0
345,2023-03-16,"Giovanni Corwin","Steve Rogers",1
346,2023-07-10,"Mrs. Emie Walker","Steve Rogers",0
347,2023-07-07,"Dr. Kiel Rosenbaum","Steve Rogers",1
348,2023-10-03,"Corbin Bednar IV","Steve Rogers",0
349,2023-11-14,"Kiley Wisozk","Steve Rogers",0
350,2023-02-04,"Mr. Zachary Grady PhD","Steve Rogers",1
351,2023-08-23,"Consuelo Walker","Steve Rogers",1
352,2024-01-20,"Prof. Billy Bailey III","Steve Rogers",0
353,2023-05-16,"Mrs. Kirstin Konopelski PhD","Steve Rogers",0
354,2023-06-24,"Kaelyn Bartoletti","Steve Rogers",0
355,2024-01-06,"Hillary Heathcote","Steve Rogers",1
356,2023-02-18,"Giuseppe Gibson","Steve Rogers",1
357,2023-04-01,"Felton Kunze Jr.","Steve Rogers",0
358,2023-11-09,"Ms. Joanie Hackett","Steve Rogers",1
359,2024-01-29,"Miss Tiffany Kautzer","Steve Rogers",1
360,2023-12-07,"Liana Gorczany DDS","Steve Rogers",1
361,2023-08-30,"Tyrique Brown","Steve Rogers",1
362,2023-05-16,"Oscar Stamm Jr.","Steve Rogers",0
363,2023-12-09,"Nathan Hartmann","Steve Rogers",0
364,2024-01-10,"Mrs. Amara Jerde Sr.","Steve Rogers",1
365,2023-08-09,"Prof. Reina Buckridge IV","Steve Rogers",0
366,2023-04-04,"Larue Emmerich","Steve Rogers",0
367,2023-05-27,"Maegan Rowe","Steve Rogers",1
368,2023-08-18,"Omer Sporer IV","Steve Rogers",1
369,2023-04-21,"Margaretta Reichert","Steve Rogers",0
370,2023-07-28,"Miss Lessie Hagenes Jr.","Steve Rogers",1
371,2024-01-02,"Josiah Morissette","Steve Rogers",1
372,2023-08-01,"Noel Barrows","Steve Rogers",0
373,2023-03-02,"Dr. Adah Satterfield","Steve Rogers",0
374,2023-04-13,"Eula Schiller","Steve Rogers",1
375,2023-08-19,"Jackie Stehr","Steve Rogers",1
376,2023-05-30,"Prof. Kadin Wolf","Steve Rogers",1
377,2023-02-26,"Mathias Kiehn","Steve Rogers",1
378,2023-03-15,"Waino Boyer","Steve Rogers",0
379,2023-02-08,"Ms. Concepcion O'Conner II","Steve Rogers",1
380,2023-10-05,"Ms. Pearl Lind V","Steve Rogers",1
381,2023-09-11,"Ms. Sarah Sawayn I","Steve Rogers",1
382,2023-12-16,"Lois Russel II","Steve Rogers",1
383,2023-08-05,"Earnest Reynolds","Steve Rogers",1
384,2024-01-14,"Marco Buckridge","Steve Rogers",1
385,2023-07-18,"Prof. Brett Daugherty Jr.","Steve Rogers",0
386,2023-09-06,"Amos Boyle","Steve Rogers",0
387,2023-07-20,"Eduardo Stamm","Steve Rogers",0
388,2023-08-16,"Eleanora Spencer","Steve Rogers",1
389,2023-03-04,"Amara Dickinson","Steve Rogers",0
390,2023-03-02,"Laurie Marvin","Steve Rogers",0
391,2023-09-24,"Alphonso Goldner Jr.","Steve Rogers",0
392,2023-12-06,"Orval Schoen","Steve Rogers",1
393,2023-09-11,"Layla Kovacek","Steve Rogers",0
394,2023-10-22,"Chauncey Koelpin","Steve Rogers",0
395,2024-01-25,"Mrs. Alva Crooks","Steve Rogers",0
396,2023-09-19,"Lowell Walsh I","Steve Rogers",0
397,2023-07-03,"Amelie Goldner","Steve Rogers",1
398,2023-04-05,"Anibal Hills","Steve Rogers",0
399,2023-04-01,"Boyd Eichmann","Steve Rogers",1
400,2023-06-03,"Saige Funk DVM","Steve Rogers",1
401,2023-09-22,"Mrs. Myrtis Huels","Bruce Wayne",1
402,2023-10-13,"Brenna Sipes","Bruce Wayne",0
403,2024-01-03,"Mikayla Feeney","Bruce Wayne",1
404,2023-02-24,"Karolann Denesik Jr.","Bruce Wayne",1
405,2023-03-19,"Dr. Alfredo Leffler","Bruce Wayne",1
406,2023-11-08,"Ms. Florine King","Bruce Wayne",1
407,2023-04-11,"Claire Koelpin","Bruce Wayne",1
408,2023-12-26,"Mr. Cornelius Wolff","Bruce Wayne",1
409,2023-04-11,"Dr. Hank Runte I","Bruce Wayne",1
410,2023-05-29,"Blaise Kunde MD","Bruce Wayne",1
411,2023-05-21,"Dr. Cicero Muller MD","Bruce Wayne",1
412,2024-01-22,"Susan Lubowitz","Bruce Wayne",1
413,2023-09-11,"Angel Botsford","Bruce Wayne",0
414,2024-01-24,"Mr. Rene Goldner PhD","Bruce Wayne",0
415,2023-05-13,"Mallory Marks","Bruce Wayne",1
416,2023-05-23,"Aniyah Pollich","Bruce Wayne",1
417,2023-11-10,"Pascale Langworth","Bruce Wayne",0
418,2023-03-23,"Jarret Howe","Bruce Wayne",0
419,2023-04-13,"Mrs. Ida Parker Sr.","Bruce Wayne",1
420,2023-07-25,"Myriam Bartell","Bruce Wayne",0
421,2023-03-13,"Mr. Jesus Dooley","Bruce Wayne",0
422,2023-02-28,"Soledad White III","Bruce Wayne",0
423,2023-08-27,"Jorge Oberbrunner DVM","Bruce Wayne",1
424,2024-01-02,"Mr. Emerson Gerhold","Bruce Wayne",1
425,2023-10-26,"Hailee Wisozk","Bruce Wayne",1
426,2023-11-05,"Fae Zboncak","Bruce Wayne",0
427,2023-09-01,"Evalyn Gerhold","Bruce Wayne",0
428,2023-02-10,"Dr. Wilford Gislason V","Bruce Wayne",1
429,2024-01-26,"Heath Kirlin","Bruce Wayne",1
430,2023-12-19,"Ellis Keeling DDS","Bruce Wayne",0
431,2023-08-24,"Mandy Crooks","Bruce Wayne",0
432,2023-06-01,"Lesley Fritsch","Bruce Wayne",0
433,2023-05-28,"Miss Aletha Doyle","Bruce Wayne",0
434,2023-05-17,"Dr. Angelina Mraz Jr.","Bruce Wayne",1
435,2023-08-19,"Garnet Christiansen","Bruce Wayne",0
436,2023-02-22,"Barrett Ziemann","Bruce Wayne",0
437,2023-12-06,"Elinor Ebert MD","Bruce Wayne",1
438,2024-01-27,"Baby Kuphal Jr.","Bruce Wayne",1
439,2023-12-18,"Jacklyn Koelpin","Bruce Wayne",0
440,2023-09-07,"Baby Green","Bruce Wayne",1
441,2024-01-27,"Sarina Marvin MD","Bruce Wayne",0
442,2023-12-19,"Kenyon Halvorson","Bruce Wayne",0
443,2024-01-28,"Clint Runolfsdottir","Bruce Wayne",0
444,2024-01-25,"Julio Turcotte","Bruce Wayne",0
445,2023-09-29,"Murphy Ebert I","Bruce Wayne",0
446,2023-11-21,"Reece Lebsack","Bruce Wayne",1
447,2023-07-14,"Soledad Nolan","Bruce Wayne",0
448,2023-07-10,"Antonio Quigley","Bruce Wayne",0
449,2023-09-28,"Ms. Marjolaine Parker","Bruce Wayne",1
450,2023-05-29,"Milton Fritsch","Bruce Wayne",0
451,2023-09-21,"Mr. Garnett Bailey I","Bruce Wayne",0
452,2023-12-25,"Ivy Gaylord","Bruce Wayne",1
453,2023-12-24,"Emilie White","Bruce Wayne",1
454,2023-08-17,"Lauriane Mayert","Bruce Wayne",1
455,2023-06-16,"Aurelio Ryan MD","Bruce Wayne",0
456,2023-02-10,"Brendon Gleichner I","Bruce Wayne",1
457,2023-02-20,"Rick Bailey","Bruce Wayne",0
458,2023-06-07,"Minnie Rosenbaum","Bruce Wayne",1
459,2023-08-09,"Kiera Hoeger","Bruce Wayne",0
460,2023-09-26,"Ashlynn Wolff","Bruce Wayne",0
461,2023-05-17,"Mr. Rahul Fadel II","Bruce Wayne",1
462,2023-03-13,"Demarco Kilback","Bruce Wayne",0
463,2023-12-07,"Yasmeen Sawayn","Bruce Wayne",1
464,2023-04-05,"Mr. Gavin Price","Bruce Wayne",1
465,2024-01-30,"Noe Keeling","Bruce Wayne",0
466,2024-01-23,"Maureen Satterfield","Bruce Wayne",0
467,2023-10-02,"Trent Bailey","Bruce Wayne",1
468,2023-12-30,"Chaya Hayes PhD","Bruce Wayne",0
469,2023-11-22,"Sofia Powlowski Jr.","Bruce Wayne",1
470,2023-07-17,"Lindsay Kris","Bruce Wayne",0
471,2023-06-18,"Wallace Waters","Bruce Wayne",1
472,2023-08-21,"Barney Eichmann Jr.","Bruce Wayne",1
473,2023-10-20,"Nolan Muller","Bruce Wayne",1
474,2023-09-23,"Vernie Mraz","Bruce Wayne",1
475,2023-04-16,"Blanca Wilkinson","Bruce Wayne",0
476,2023-07-12,"Ms. Jazmyn Howell","Bruce Wayne",1
477,2023-11-16,"Anna Thiel","Bruce Wayne",0
478,2023-06-24,"Sydnie Runolfsson","Bruce Wayne",1
479,2023-12-07,"Lois Berge II","Bruce Wayne",1
480,2023-02-08,"Janiya Weissnat","Bruce Wayne",0
481,2023-09-23,"Mr. Moses Cormier","Bruce Wayne",0
482,2023-03-15,"Prof. Clinton Wyman II","Bruce Wayne",0
483,2023-07-17,"Mr. Bud Robel","Bruce Wayne",0
484,2023-11-15,"Ivy Lind","Bruce Wayne",0
485,2023-12-15,"Mireya Bahringer DVM","Bruce Wayne",0
486,2023-09-01,"Prof. Lonzo Kuhn","Bruce Wayne",1
487,2023-05-12,"Mattie McCullough","Bruce Wayne",0
488,2023-08-18,"Mrs. Demetris Gleason","Bruce Wayne",0
489,2023-02-06,"Tina Collier","Bruce Wayne",0
490,2023-11-26,"Mustafa Keeling","Bruce Wayne",0
491,2023-09-14,"Lea Grady I","Bruce Wayne",1
492,2023-09-08,"Ms. Camille Fritsch IV","Bruce Wayne",0
493,2023-03-30,"Una Yost Jr.","Bruce Wayne",0
494,2023-03-23,"Frank Kris Sr.","Bruce Wayne",0
495,2023-11-15,"Prof. London West","Bruce Wayne",1
496,2023-09-08,"Lacey Koepp","Bruce Wayne",0
497,2023-09-23,"Jermey Hand","Bruce Wayne",1
498,2023-10-24,"Prof. Lessie Batz Sr.","Bruce Wayne",0
499,2023-10-16,"Shanie Johnston MD","Bruce Wayne",0
500,2023-07-16,"Marielle Daniel","Bruce Wayne",0
501,2023-09-20,"Mrs. Adah Beier","Clark Kent",1
502,2023-05-29,"Mathias Kirlin","Clark Kent",1
503,2023-12-14,"Beth Stehr","Clark Kent",0
504,2023-06-18,"Dr. Marge Rempel","Clark Kent",1
505,2023-03-28,"Layla Heaney","Clark Kent",1
506,2023-07-24,"Leland Schuster","Clark Kent",0
507,2023-06-24,"Shany Douglas","Clark Kent",1
508,2023-08-06,"Leatha Shanahan","Clark Kent",0
509,2023-05-15,"Prof. Aliya Weissnat III","Clark Kent",1
510,2023-11-14,"Kayley Haag Sr.","Clark Kent",1
511,2023-02-17,"Precious Carter","Clark Kent",1
512,2023-03-01,"Mr. Tito Spencer","Clark Kent",0
513,2023-12-28,"Mrs. Lindsay Howell","Clark Kent",1
514,2023-11-11,"Jakob Rau","Clark Kent",0
515,2023-12-01,"Esta Tillman","Clark Kent",1
516,2023-08-14,"Julien Feil","Clark Kent",1
517,2023-12-05,"Gerardo Ziemann","Clark Kent",1
518,2023-04-26,"Mrs. Hallie Welch","Clark Kent",0
519,2023-05-12,"Emerald Okuneva I","Clark Kent",0
520,2023-09-12,"Janis Kub","Clark Kent",0
521,2023-11-24,"Nola Cormier","Clark Kent",1
522,2023-06-18,"Francesca Spinka","Clark Kent",0
523,2023-02-22,"Antwon Smitham","Clark Kent",1
524,2024-01-10,"Abner Hackett","Clark Kent",1
525,2023-12-04,"Jeanette Donnelly","Clark Kent",0
526,2023-05-09,"Bell Schultz","Clark Kent",1
527,2023-02-12,"Carlos Boehm","Clark Kent",0
528,2023-12-13,"Miss Golda Herzog DVM","Clark Kent",1
529,2023-04-24,"Rolando Koch","Clark Kent",0
530,2023-05-19,"Ms. Allison Halvorson V","Clark Kent",1
531,2023-06-09,"Maximus DuBuque","Clark Kent",0
532,2023-06-08,"Hayley Greenfelder","Clark Kent",1
533,2023-06-23,"Lamont Rau","Clark Kent",0
534,2023-05-09,"Miss Sandrine Beahan II","Clark Kent",0
535,2023-08-22,"Myrtice Gleason","Clark Kent",1
536,2023-10-20,"Theresa Gleichner","Clark Kent",0
537,2023-06-15,"Prof. Patricia Durgan Sr.","Clark Kent",1
538,2023-11-21,"Nedra Bogan","Clark Kent",1
539,2023-06-04,"Dr. Piper Cremin I","Clark Kent",0
540,2023-05-13,"Laurence Quigley","Clark Kent",0
541,2023-06-21,"Johanna Green","Clark Kent",1
542,2023-11-21,"Cameron Kuhn","Clark Kent",1
543,2023-11-13,"Lilla Boehm","Clark Kent",1
544,2023-03-26,"Deven Walker V","Clark Kent",1
545,2023-11-30,"Alysha Gibson","Clark Kent",0
546,2024-01-25,"Prof. Jordon Lubowitz","Clark Kent",0
547,2023-05-02,"Lamont Reinger","Clark Kent",0
548,2023-12-21,"Ms. Alayna Romaguera","Clark Kent",1
549,2023-12-16,"Crystal Legros","Clark Kent",1
550,2023-04-03,"Dr. Amie Barrows","Clark Kent",1
551,2023-12-23,"Mrs. Mikayla Hane III","Clark Kent",0
552,2023-12-08,"Yvette Orn","Clark Kent",0
553,2023-11-10,"Kellie Beatty","Clark Kent",1
554,2023-05-03,"Darby Gleason","Clark Kent",0
555,2023-09-11,"Dr. Wilber Kihn","Clark Kent",0
556,2023-05-18,"Marjory Weimann","Clark Kent",1
557,2024-01-28,"Abe Torp","Clark Kent",0
558,2023-07-31,"Sherwood Pagac Jr.","Clark Kent",1
559,2023-09-20,"Marcus Rutherford","Clark Kent",0
560,2023-07-24,"Jason Hirthe","Clark Kent",0
561,2023-04-24,"Brock Koss","Clark Kent",0
562,2023-10-10,"Dr. Carolanne Lueilwitz II","Clark Kent",0
563,2023-11-19,"Peggie Cartwright PhD","Clark Kent",0
564,2023-07-25,"Ms. Jade Hegmann DDS","Clark Kent",1
565,2023-03-01,"Damaris Kassulke","Clark Kent",0
566,2023-08-20,"Andres Pacocha","Clark Kent",1
567,2023-02-04,"Marianne Fay","Clark Kent",1
568,2023-04-04,"Therese Weber","Clark Kent",1
569,2024-01-09,"Jamir Ferry","Clark Kent",0
570,2023-11-06,"Stanley Crooks","Clark Kent",0
571,2023-12-14,"Hallie Feest","Clark Kent",1
572,2023-07-29,"Anderson Fahey","Clark Kent",1
573,2023-05-10,"Dr. Loyce Lynch","Clark Kent",1
574,2023-06-19,"Germaine Kilback","Clark Kent",1
575,2023-07-19,"Glennie Vandervort","Clark Kent",0
576,2023-04-25,"Prof. Charlotte Rosenbaum","Clark Kent",0
577,2024-01-22,"Dr. Fatima Schultz","Clark Kent",0
578,2023-08-13,"Royal DuBuque","Clark Kent",0
579,2023-11-15,"Harley Wiza MD","Clark Kent",1
580,2023-08-20,"Alexander Kuhlman","Clark Kent",1
581,2023-11-19,"Merle Donnelly","Clark Kent",1
582,2024-01-21,"Ebony Rippin DVM","Clark Kent",1
583,2023-06-16,"Prof. Candace Ernser","Clark Kent",1
584,2024-01-14,"Nicholaus Stracke","Clark Kent",1
585,2023-04-15,"Makayla Becker","Clark Kent",1
586,2023-07-12,"Orval Schumm","Clark Kent",1
587,2023-04-06,"Dr. Claudie Wilderman","Clark Kent",1
588,2023-11-11,"Aubrey Schuster","Clark Kent",0
589,2023-09-09,"Miss Corene Goodwin IV","Clark Kent",1
590,2024-01-25,"Dr. Edwin Pagac Sr.","Clark Kent",1
591,2023-03-10,"Veronica Bins","Clark Kent",0
592,2023-07-15,"Gisselle Schultz","Clark Kent",0
593,2023-06-30,"Mr. Garland Harber","Clark Kent",1
594,2023-11-16,"Angelica Dickinson","Clark Kent",0
595,2023-11-17,"Miss Christa Botsford","Clark Kent",0
596,2023-07-12,"Okey Ferry PhD","Clark Kent",1
597,2023-02-01,"Rossie Konopelski","Clark Kent",0
598,2023-10-24,"Walker Buckridge","Clark Kent",0
599,2023-10-19,"Kennith Schaefer DVM","Clark Kent",0
600,2023-05-25,"Johnny DuBuque II","Clark Kent",0
601,2023-11-08,"Marisa Doyle","Diana Prince",1
602,2023-08-17,"Randy Block PhD","Diana Prince",1
603,2023-11-17,"Adalberto Bartell","Diana Prince",0
604,2023-11-30,"Marquise Roberts","Diana Prince",1
605,2024-01-04,"Hailee Kris","Diana Prince",0
606,2024-01-07,"Tyra O'Keefe","Diana Prince",0
607,2023-10-08,"Prof. Ludwig Hegmann V","Diana Prince",1
608,2023-03-26,"Mrs. Constance Legros DDS","Diana Prince",1
609,2023-06-20,"Mathew Casper","Diana Prince",1
610,2023-08-04,"Dr. Uriel Balistreri","Diana Prince",0
611,2023-05-01,"Andre Keeling","Diana Prince",1
612,2023-09-06,"Eudora Gislason","Diana Prince",1
613,2023-08-19,"Kane Williamson","Diana Prince",1
614,2023-06-26,"Dedric Borer II","Diana Prince",1
615,2023-12-09,"Vita Hessel","Diana Prince",0
616,2023-03-26,"Dana Lockman","Diana Prince",0
617,2023-11-06,"Gudrun Crist","Diana Prince",1
618,2023-03-07,"Barney Deckow Sr.","Diana Prince",1
619,2023-11-19,"Adriana Welch","Diana Prince",0
620,2023-12-19,"Mrs. Abigale Corwin MD","Diana Prince",1
621,2023-05-27,"Kristy Farrell","Diana Prince",1
622,2024-01-02,"Rebeca Raynor","Diana Prince",0
623,2023-10-08,"Jaylan Prosacco I","Diana Prince",0
624,2023-12-21,"Prof. Dock Jaskolski","Diana Prince",0
625,2023-03-21,"Kian Graham","Diana Prince",0
626,2023-05-26,"Isabella Stehr","Diana Prince",0
627,2023-08-15,"Annabelle Ferry","Diana Prince",1
628,2023-03-20,"Hilma Wiza IV","Diana Prince",1
629,2023-03-14,"Maxwell Nolan","Diana Prince",1
630,2023-02-12,"Nolan Gislason","Diana Prince",0
631,2023-06-18,"Ms. Rhea Gaylord II","Diana Prince",0
632,2024-01-22,"Bridget Spinka","Diana Prince",0
633,2023-10-03,"Ms. Elody Ernser V","Diana Prince",1
634,2023-12-23,"Darron Schamberger","Diana Prince",0
635,2023-08-08,"Erin Yundt II","Diana Prince",0
636,2023-05-20,"Brown Romaguera","Diana Prince",1
637,2023-08-28,"Herman Barton","Diana Prince",1
638,2023-05-16,"Jarred Bradtke","Diana Prince",1
639,2023-12-04,"Prof. Lia Mueller","Diana Prince",1
640,2023-03-02,"Terrill Mante","Diana Prince",0
641,2023-04-29,"Arne Gerhold","Diana Prince",1
642,2023-10-22,"Zena Towne","Diana Prince",1
643,2023-10-04,"Ms. Creola Harris IV","Diana Prince",1
644,2024-01-15,"Ambrose Stracke Jr.","Diana Prince",1
645,2023-03-19,"Cleora Durgan","Diana Prince",0
646,2023-10-25,"Luis Stoltenberg","Diana Prince",1
647,2023-04-02,"Garrett Herzog MD","Diana Prince",0
648,2023-04-22,"Billy Leuschke","Diana Prince",0
649,2023-03-17,"Perry O'Connell","Diana Prince",0
650,2023-12-19,"Gerald Donnelly Jr.","Diana Prince",1
651,2023-08-11,"Javonte Barton","Diana Prince",1
652,2023-02-23,"Kaela Ledner","Diana Prince",1
653,2023-07-23,"Dr. Maryse Pollich V","Diana Prince",0
654,2023-09-22,"Gudrun McLaughlin","Diana Prince",1
655,2023-07-06,"Elizabeth Abbott","Diana Prince",0
656,2023-10-17,"Tristin Muller","Diana Prince",1
657,2023-03-17,"Kali Beahan","Diana Prince",0
658,2023-06-17,"Quentin Pouros","Diana Prince",1
659,2023-04-29,"Providenci O'Keefe","Diana Prince",1
660,2023-11-04,"Maxwell Mayer","Diana Prince",0
661,2023-05-11,"Miss Yvonne Fritsch II","Diana Prince",1
662,2023-07-26,"Dr. Jerod Smith","Diana Prince",0
663,2023-02-27,"Prof. Rebekah Carter","Diana Prince",0
664,2023-05-23,"Caleigh Smith","Diana Prince",0
665,2023-11-24,"Buford Schamberger","Diana Prince",0
666,2023-09-29,"Nova Kuhlman I","Diana Prince",1
667,2024-01-27,"Prof. Juston Auer","Diana Prince",0
668,2023-04-28,"Dr. Cristina Ullrich","Diana Prince",1
669,2023-12-12,"Catalina Torp","Diana Prince",1
670,2023-03-11,"Dr. Hilma Eichmann","Diana Prince",0
671,2023-04-27,"Berry Weimann","Diana Prince",0
672,2024-01-14,"Alycia Brown","Diana Prince",1
673,2023-11-19,"Jevon Harvey","Diana Prince",1
674,2023-08-02,"Prof. Ali Terry","Diana Prince",0
675,2023-03-28,"Mrs. Simone Murazik","Diana Prince",1
676,2023-07-17,"Roselyn Kutch MD","Diana Prince",0
677,2023-07-14,"Russell VonRueden","Diana Prince",0
678,2023-10-28,"Dr. Sven Kuvalis","Diana Prince",0
679,2023-11-04,"Candida Ledner","Diana Prince",0
680,2023-04-22,"Richmond O'Connell","Diana Prince",0
681,2023-04-01,"Maribel Jast III","Diana Prince",0
682,2023-05-31,"Haskell Crona","Diana Prince",1
683,2023-06-11,"Dena Powlowski","Diana Prince",1
684,2023-06-03,"Jovan Glover I","Diana Prince",1
685,2023-09-11,"Prof. Aletha Cremin","Diana Prince",1
686,2023-04-19,"Ms. Assunta Maggio IV","Diana Prince",0
687,2023-11-12,"Prof. Marlin Gleichner III","Diana Prince",0
688,2023-07-22,"Justus Treutel","Diana Prince",1
689,2023-06-24,"Mr. Miguel Zboncak","Diana Prince",0
690,2023-09-06,"Oceane Blanda","Diana Prince",0
691,2023-12-10,"Sigmund Conroy","Diana Prince",1
692,2023-12-06,"Mr. Tyler Fay PhD","Diana Prince",1
693,2023-07-03,"Dr. Natalia Crona","Diana Prince",0
694,2023-07-11,"Mr. Stewart Jenkins MD","Diana Prince",1
695,2023-09-19,"Prof. Kyra Will","Diana Prince",0
696,2023-09-02,"Maryse Zieme","Diana Prince",1
697,2023-05-28,"Leila Corwin","Diana Prince",0
698,2023-04-26,"Forrest Yost","Diana Prince",1
699,2023-10-04,"Fae Beatty III","Diana Prince",0
700,2023-04-14,"Prof. Helena Shields I","Diana Prince",0
701,2023-04-28,"Marjorie Stanton","Barry Allen",0
702,2023-03-23,"Susanna Schaefer I","Barry Allen",1
703,2023-09-14,"Prof. Kevin Kuhlman PhD","Barry Allen",0
704,2023-11-20,"Danika Kunze","Barry Allen",0
705,2023-05-07,"Kyler Goodwin","Barry Allen",0
706,2023-03-15,"Marta Lakin","Barry Allen",0
707,2023-06-26,"Rod Veum","Barry Allen",0
708,2023-08-07,"Dr. Gene Stokes MD","Barry Allen",1
709,2023-07-11,"Cassandre Glover","Barry Allen",0
710,2023-12-16,"Dr. Morris Ernser","Barry Allen",0
711,2023-04-05,"Vance Nitzsche","Barry Allen",1
712,2023-06-16,"Constantin Hegmann","Barry Allen",0
713,2023-12-02,"Ted Gutmann II","Barry Allen",0
714,2023-06-19,"Laurine Roob","Barry Allen",1
715,2024-01-17,"Greyson Stehr","Barry Allen",0
716,2024-01-20,"Favian Klocko","Barry Allen",0
717,2023-07-11,"Bartholome Hoppe","Barry Allen",0
718,2023-08-10,"Sandrine Ortiz","Barry Allen",1
719,2023-05-01,"Miss Abigail Marks MD","Barry Allen",1
720,2023-04-21,"D'angelo Stiedemann II","Barry Allen",0
721,2023-11-28,"Ericka Blick I","Barry Allen",1
722,2023-10-02,"Dr. Magali Schuppe I","Barry Allen",1
723,2023-11-03,"Natalie Gaylord","Barry Allen",1
724,2023-05-13,"Daphnee Denesik IV","Barry Allen",1
725,2024-01-17,"Anissa Gottlieb","Barry Allen",1
726,2023-03-07,"Kolby Walter","Barry Allen",1
727,2023-03-25,"Alayna Russel","Barry Allen",1
728,2023-12-28,"Dr. Timmy Volkman Jr.","Barry Allen",1
729,2023-03-06,"Alysson Kling IV","Barry Allen",0
730,2023-04-05,"Jeremie Ratke","Barry Allen",0
731,2023-12-12,"Prof. Grayce Kling","Barry Allen",0
732,2023-11-29,"Robyn Lueilwitz","Barry Allen",1
733,2023-08-30,"Dr. Declan Reynolds V","Barry Allen",1
734,2023-04-10,"Prof. Junius Becker","Barry Allen",0
735,2024-01-20,"Prof. Jett Stiedemann","Barry Allen",1
736,2023-08-17,"Prof. Shirley Mraz","Barry Allen",1
737,2024-01-14,"Geo Kirlin","Barry Allen",1
738,2023-06-14,"Cleta Nitzsche","Barry Allen",1
739,2023-07-11,"Lloyd Nolan MD","Barry Allen",1
740,2024-01-21,"Manuel O'Keefe","Barry Allen",1
741,2023-12-08,"Ora Jenkins","Barry Allen",0
742,2023-05-07,"Kenny Zemlak MD","Barry Allen",1
743,2023-04-28,"Layla Sporer","Barry Allen",1
744,2023-06-13,"Eudora Emmerich III","Barry Allen",0
745,2023-10-23,"Prof. Annabelle Keebler","Barry Allen",1
746,2023-03-18,"Prof. Annabell Volkman Sr.","Barry Allen",0
747,2023-11-04,"Travon Haag","Barry Allen",1
748,2023-02-02,"Dr. Yvette Renner Sr.","Barry Allen",1
749,2023-02-27,"Bret Grady","Barry Allen",1
750,2023-02-05,"Jabari Hettinger II","Barry Allen",0
751,2023-06-12,"Miss Cheyanne Purdy Sr.","Barry Allen",0
752,2023-03-29,"Prof. Hipolito Jerde IV","Barry Allen",1
753,2024-01-10,"Clinton Ebert","Barry Allen",1
754,2023-04-02,"Miss Lina Jones","Barry Allen",1
755,2023-10-24,"Devonte Heathcote","Barry Allen",0
756,2023-04-30,"Ms. Lia Cassin DDS","Barry Allen",1
757,2023-03-03,"Nyasia Russel","Barry Allen",1
758,2023-10-27,"Sarina Wiza","Barry Allen",0
759,2023-11-26,"Leslie Kilback","Barry Allen",0
760,2023-09-13,"Prof. Mike Krajcik DDS","Barry Allen",0
761,2023-07-22,"Donato Hamill Sr.","Barry Allen",0
762,2023-03-21,"Kobe Carroll","Barry Allen",0
763,2023-07-03,"Saige Hand","Barry Allen",0
764,2023-02-05,"Felix Beahan","Barry Allen",0
765,2023-03-02,"Jessyca Williamson","Barry Allen",0
766,2023-04-16,"Donna Kuhic DVM","Barry Allen",0
767,2023-12-28,"Mr. Frederick Hoeger","Barry Allen",0
768,2023-05-01,"Mohammad McClure","Barry Allen",0
769,2023-11-11,"Stanton Hane","Barry Allen",0
770,2023-11-09,"Pasquale Mertz Jr.","Barry Allen",1
771,2023-08-05,"Harmon Herman","Barry Allen",1
772,2023-07-09,"Maximillian Hane PhD","Barry Allen",0
773,2023-11-24,"Mrs. Jacklyn Crooks","Barry Allen",0
774,2023-09-29,"Blaise Harris","Barry Allen",1
775,2023-02-01,"Mr. Khalil Johnson II","Barry Allen",0
776,2023-02-14,"Ms. Annie Roberts","Barry Allen",1
777,2023-08-10,"Dr. Lavina Will DVM","Barry Allen",1
778,2023-10-23,"Mertie Muller","Barry Allen",0
779,2023-05-14,"Wade Gulgowski V","Barry Allen",0
780,2023-08-03,"Mr. Isidro Robel","Barry Allen",0
781,2023-10-09,"Mr. Bell Bruen","Barry Allen",0
782,2023-02-26,"Zola Bins","Barry Allen",1
783,2023-07-10,"Mikel Kohler","Barry Allen",1
784,2024-01-22,"Kacey Kuhn","Barry Allen",0
785,2023-06-20,"Arjun Jakubowski","Barry Allen",0
786,2023-06-07,"Ms. Lulu Rau","Barry Allen",0
787,2023-10-13,"Tressie Ondricka","Barry Allen",0
788,2023-11-19,"Reyes Doyle IV","Barry Allen",0
789,2023-11-13,"Price Jacobs","Barry Allen",1
790,2023-02-12,"Nathaniel Nitzsche","Barry Allen",0
791,2023-10-21,"Sister Metz","Barry Allen",1
792,2024-01-18,"Miss Annabel Trantow","Barry Allen",0
793,2024-01-21,"Delphine Veum","Barry Allen",1
794,2023-04-08,"Fatima Crist","Barry Allen",1
795,2023-11-30,"Prof. Moses Wuckert Jr.","Barry Allen",0
796,2023-08-26,"Porter Waelchi","Barry Allen",0
797,2023-05-11,"Kallie Schinner","Barry Allen",1
798,2023-12-10,"Prince Dare","Barry Allen",0
799,2023-06-04,"Anya Boyle","Barry Allen",0
800,2023-07-18,"Lue Gerlach","Barry Allen",0
801,2023-09-16,"Constance Armstrong","Arthur Curry",1
802,2024-01-27,"Mayra Schultz","Arthur Curry",1
803,2023-07-21,"Shyann Considine","Arthur Curry",0
804,2023-10-09,"Ashlynn Greenholt","Arthur Curry",0
805,2023-09-25,"Quinn Kertzmann","Arthur Curry",0
806,2023-10-16,"Prof. Jace Mante Jr.","Arthur Curry",0
807,2023-03-21,"Dolores Crooks","Arthur Curry",0
808,2023-04-14,"Melyssa Baumbach","Arthur Curry",1
809,2023-03-29,"Morton Kertzmann","Arthur Curry",1
810,2023-08-01,"Mr. Andres Schimmel","Arthur Curry",0
811,2023-07-30,"Omer Lehner","Arthur Curry",1
812,2023-07-05,"Susan Cronin","Arthur Curry",0
813,2023-06-29,"Brad Cremin","Arthur Curry",0
814,2023-11-16,"Mariam Jast","Arthur Curry",1
815,2023-08-03,"Isac Kessler","Arthur Curry",0
816,2024-01-19,"Baylee Kub","Arthur Curry",1
817,2024-01-16,"Estefania Dach","Arthur Curry",0
818,2023-09-13,"Fabiola Halvorson","Arthur Curry",0
819,2024-01-22,"Federico Hand I","Arthur Curry",0
820,2023-08-26,"Mr. Titus Boehm","Arthur Curry",1
821,2023-11-27,"Leonardo Kertzmann","Arthur Curry",1
822,2023-06-06,"Shaniya Bailey III","Arthur Curry",0
823,2023-02-17,"Zander Towne II","Arthur Curry",0
824,2023-06-04,"Forest Rempel","Arthur Curry",1
825,2023-09-18,"Enola Hartmann DVM","Arthur Curry",1
826,2023-09-18,"Roel Leuschke IV","Arthur Curry",1
827,2023-06-03,"Lauriane Miller","Arthur Curry",1
828,2023-03-18,"Darryl Willms III","Arthur Curry",1
829,2023-05-13,"Orion Morissette","Arthur Curry",0
830,2023-05-02,"Tina Schimmel","Arthur Curry",0
831,2023-05-14,"Marietta Treutel","Arthur Curry",0
832,2023-12-24,"Oscar Schumm","Arthur Curry",1
833,2024-01-02,"Carmela O'Reilly","Arthur Curry",0
834,2023-09-25,"Dr. Eveline Howell PhD","Arthur Curry",0
835,2023-09-25,"Piper Daniel","Arthur Curry",1
836,2023-12-09,"Dr. Kelton Stark PhD","Arthur Curry",0
837,2023-04-20,"Dr. Deanna Shields V","Arthur Curry",1
838,2023-10-01,"Carlotta Hammes","Arthur Curry",1
839,2023-11-15,"Liliana Altenwerth","Arthur Curry",0
840,2023-03-30,"Letitia Harber","Arthur Curry",0
841,2023-02-17,"Faye Hamill","Arthur Curry",0
842,2023-09-24,"Josue Fay","Arthur Curry",1
843,2023-09-11,"Carrie Hartmann","Arthur Curry",0
844,2023-02-20,"Roberto Runolfsson Jr.","Arthur Curry",0
845,2023-07-30,"Theo Ledner","Arthur Curry",0
846,2023-05-05,"Clair Littel","Arthur Curry",0
847,2023-09-06,"Mrs. Citlalli Klein DDS","Arthur Curry",0
848,2023-12-13,"Ms. Yesenia Hirthe IV","Arthur Curry",0
849,2024-01-12,"Roxane Torphy","Arthur Curry",1
850,2023-05-30,"Maximus Kihn","Arthur Curry",1
851,2023-06-18,"Charley Halvorson","Arthur Curry",0
852,2023-12-13,"Miracle Borer I","Arthur Curry",0
853,2023-08-25,"Mrs. Era Kreiger","Arthur Curry",1
854,2023-12-25,"Prof. Cyrus Schowalter","Arthur Curry",0
855,2023-10-21,"Meredith Will","Arthur Curry",1
856,2023-07-17,"Ms. Kaya Langosh","Arthur Curry",1
857,2023-12-22,"Mr. Seth Durgan III","Arthur Curry",1
858,2023-12-03,"Ike Rath","Arthur Curry",0
859,2023-06-28,"Emile Feeney","Arthur Curry",0
860,2023-02-05,"Mark Johnson","Arthur Curry",1
861,2024-01-11,"Elyssa Cassin","Arthur Curry",1
862,2023-09-01,"Art Schowalter II","Arthur Curry",0
863,2023-03-09,"Sarai Shanahan","Arthur Curry",1
864,2023-07-21,"Mrs. Tamara Lehner","Arthur Curry",1
865,2023-08-03,"Grady Corwin","Arthur Curry",0
866,2023-03-03,"Priscilla Nicolas","Arthur Curry",0
867,2023-05-08,"Prof. Rose Brekke III","Arthur Curry",0
868,2024-01-14,"Dariana Sauer","Arthur Curry",1
869,2023-09-03,"Prof. Reuben Boyer","Arthur Curry",1
870,2023-03-30,"Allison Paucek","Arthur Curry",0
871,2023-12-03,"Prof. Erna Runolfsdottir Jr.","Arthur Curry",0
872,2023-02-19,"Dr. Darrion Hagenes MD","Arthur Curry",0
873,2023-11-16,"Drew Schmeler III","Arthur Curry",0
874,2023-06-05,"Susana Cole V","Arthur Curry",0
875,2023-06-20,"Dr. Leonard Zieme DDS","Arthur Curry",0
876,2023-11-14,"Dr. Fermin Cole PhD","Arthur Curry",0
877,2023-05-31,"Bernita Cassin","Arthur Curry",1
878,2023-08-06,"Dr. Garrick Jones V","Arthur Curry",1
879,2024-01-14,"Jerome Von","Arthur Curry",1
880,2023-08-31,"Dena Tremblay","Arthur Curry",0
881,2023-06-30,"Emelia Rosenbaum","Arthur Curry",1
882,2023-04-17,"Dr. Deondre Fadel I","Arthur Curry",1
883,2023-05-16,"Zaria Swift","Arthur Curry",0
884,2023-06-21,"Jerry Haley","Arthur Curry",1
885,2024-01-29,"Mr. Jarvis Hand","Arthur Curry",1
886,2023-02-28,"Theresia Shields MD","Arthur Curry",0
887,2023-07-31,"Leila Ferry","Arthur Curry",0
888,2023-11-25,"Delia Larkin","Arthur Curry",0
889,2024-01-25,"Ms. Una Frami III","Arthur Curry",1
890,2023-05-07,"Ms. Elouise Dicki IV","Arthur Curry",1
891,2023-09-11,"Tatyana Jerde","Arthur Curry",1
892,2023-10-22,"Nathanial Stoltenberg","Arthur Curry",0
893,2023-06-20,"Fidel Conn","Arthur Curry",1
894,2023-12-09,"Stanton Barrows","Arthur Curry",1
895,2023-10-09,"Clifton Metz","Arthur Curry",1
896,2023-11-09,"Marielle Wintheiser","Arthur Curry",1
897,2024-01-11,"Princess Hagenes I","Arthur Curry",1
898,2023-08-15,"Mohamed VonRueden","Arthur Curry",1
899,2023-06-04,"Ed Borer","Arthur Curry",1
900,2024-01-21,"Orion Schmeler","Arthur Curry",0
901,2023-08-01,"Miss Freda Fritsch III","Victor Stone",1
902,2023-05-25,"Stella Nikolaus","Victor Stone",0
903,2023-04-02,"Kellie McClure","Victor Stone",1
904,2023-10-19,"Rosalyn Ernser","Victor Stone",0
905,2024-01-20,"Dan Emard","Victor Stone",0
906,2023-05-27,"Miss Eugenia Rohan","Victor Stone",0
907,2023-08-06,"Nannie Kuhlman","Victor Stone",0
908,2023-07-09,"Velva Grady","Victor Stone",1
909,2023-03-16,"Dr. Wilmer Orn Sr.","Victor Stone",1
910,2023-10-30,"Maegan Tillman","Victor Stone",1
911,2023-05-24,"Elyse Kub","Victor Stone",0
912,2023-05-02,"Jesse Zulauf MD","Victor Stone",0
913,2023-12-04,"Prof. Vivienne Mann DDS","Victor Stone",1
914,2023-10-20,"Stephany Marks","Victor Stone",0
915,2023-11-25,"Ernestine Corwin","Victor Stone",1
916,2023-10-07,"Diego McDermott","Victor Stone",0
917,2023-02-12,"Vivianne Cormier","Victor Stone",0
918,2023-03-26,"Sven DuBuque","Victor Stone",1
919,2023-10-12,"Jazmin Gislason","Victor Stone",1
920,2023-12-11,"Wilfredo Hoppe","Victor Stone",1
921,2023-07-02,"Mrs. Jeanie Dickinson III","Victor Stone",0
922,2023-12-23,"Astrid Wilkinson III","Victor Stone",0
923,2023-12-05,"Alphonso Schulist","Victor Stone",1
924,2023-04-17,"Domenic O'Reilly","Victor Stone",0
925,2023-07-27,"Aglae Jacobson","Victor Stone",0
926,2023-09-27,"Trevor Miller","Victor Stone",1
927,2023-04-26,"Kenya Abernathy","Victor Stone",1
928,2023-02-01,"Reuben Adams","Victor Stone",0
929,2023-04-17,"Julien Heaney","Victor Stone",0
930,2023-11-29,"Alda Ondricka DDS","Victor Stone",0
931,2023-09-14,"Dr. Bria Maggio","Victor Stone",1
932,2023-10-13,"Matt Borer","Victor Stone",0
933,2023-08-27,"Dr. Carlotta Rippin","Victor Stone",1
934,2023-04-03,"Ms. Anabel Kihn Sr.","Victor Stone",1
935,2023-05-17,"Mr. Neil Schmitt V","Victor Stone",0
936,2023-10-24,"Mr. Kristoffer Tremblay PhD","Victor Stone",0
937,2023-06-27,"Mrs. Lizeth Cronin","Victor Stone",1
938,2023-03-26,"Mrs. Blanche Glover","Victor Stone",1
939,2023-12-28,"Dr. Veda O'Connell","Victor Stone",0
940,2023-08-31,"Prof. Patience Swaniawski","Victor Stone",0
941,2023-03-06,"Damaris Smitham","Victor Stone",0
942,2023-11-12,"Tremayne Dare","Victor Stone",0
943,2024-01-26,"Carolyne Greenfelder","Victor Stone",0
944,2023-12-24,"Tabitha Emard","Victor Stone",1
945,2023-11-28,"Manuel Wolf","Victor Stone",1
946,2023-02-28,"Cary Beatty","Victor Stone",0
947,2023-07-18,"Katrine Grant","Victor Stone",1
948,2023-09-19,"Maximillia Abbott","Victor Stone",0
949,2023-10-09,"Giovanni Koelpin","Victor Stone",0
950,2024-01-31,"Mathew Kunze","Victor Stone",0
951,2023-08-21,"Dr. Raymond Klocko II","Victor Stone",1
952,2023-07-05,"Lyda Skiles","Victor Stone",1
953,2023-05-19,"Luther Ruecker","Victor Stone",0
954,2023-03-12,"Asa Oberbrunner","Victor Stone",1
955,2024-01-01,"Miss Myah Beatty","Victor Stone",1
956,2023-07-22,"Mrs. Ora King III","Victor Stone",0
957,2023-11-30,"Kian Hintz","Victor Stone",1
958,2023-04-16,"Trent Swift","Victor Stone",0
959,2023-11-14,"Jeanie Wilkinson I","Victor Stone",0
960,2023-04-20,"Ricky Bailey","Victor Stone",1
961,2023-05-09,"Cassidy Sipes","Victor Stone",1
962,2023-08-26,"Anna Bechtelar","Victor Stone",1
963,2024-01-10,"Darian Hilpert","Victor Stone",0
964,2023-07-27,"London Okuneva","Victor Stone",0
965,2023-05-19,"Tod Terry","Victor Stone",1
966,2023-04-26,"Prof. Ulises Renner","Victor Stone",1
967,2023-08-03,"Amara Gusikowski V","Victor Stone",1
968,2023-03-29,"Katrine Predovic","Victor Stone",1
969,2023-03-26,"Dr. Hayden Beer DDS","Victor Stone",1
970,2023-10-15,"Nick Harris","Victor Stone",0
971,2023-08-11,"Erling O'Conner","Victor Stone",0
972,2023-07-08,"Orrin Pacocha","Victor Stone",1
973,2023-05-22,"Rodger Harris II","Victor Stone",0
974,2023-07-31,"Edna Bode","Victor Stone",0
975,2023-08-18,"Alayna Senger","Victor Stone",1
976,2023-09-15,"Avis Wilderman","Victor Stone",1
977,2023-10-04,"Jolie Jakubowski","Victor Stone",0
978,2023-10-30,"Lorenz Friesen DVM","Victor Stone",1
979,2023-12-23,"Jesus Gislason","Victor Stone",0
980,2023-03-13,"Adrianna Kertzmann DVM","Victor Stone",1
981,2023-08-29,"Gilberto Willms","Victor Stone",1
982,2023-02-05,"Carole Barrows","Victor Stone",1
983,2023-07-20,"Prof. Markus Toy IV","Victor Stone",1
984,2024-01-12,"Ayden Kovacek","Victor Stone",1
985,2023-10-23,"Nicholaus Hill MD","Victor Stone",0
986,2023-11-19,"Leda Schinner","Victor Stone",1
987,2023-12-07,"Carlos Kassulke","Victor Stone",0
988,2023-03-04,"Marge Raynor","Victor Stone",1
989,2023-04-18,"Carson Kemmer","Victor Stone",0
990,2023-12-04,"Harold Armstrong DVM","Victor Stone",1
991,2023-06-19,"Mr. Cade Effertz DVM","Victor Stone",0
992,2023-10-26,"Jeramy Hegmann","Victor Stone",1
993,2023-09-28,"Gayle Conn DVM","Victor Stone",1
994,2023-07-21,"Damian Rempel","Victor Stone",1
995,2023-11-26,"Kenyon Adams","Victor Stone",0
996,2024-01-15,"Maximilian Oberbrunner DVM","Victor Stone",1
997,2023-07-01,"Dr. Sarah Ferry Jr.","Victor Stone",0
998,2023-08-11,"Lura Dietrich","Victor Stone",1
999,2023-09-20,"Dr. Eino Leffler II","Victor Stone",0
1000,2023-09-30,"Miss Yvette Kunde PhD","Victor Stone",0
